MSE_mean,MSE_std,alpha_mean,alpha_std,avg_pred_std_mean,avg_pred_std_std,ce_mean,ce_std,empirical_coverage_mean,empirical_coverage_std,method,nll_mean,nll_std,spearman_err_unc_mean,spearman_err_unc_std
0.8962014947963896,0.008769512286269224,0.05,0.0,0.5658393519199516,0.006163338917725995,0.009034312229245329,0.00037433305839157014,0.7088735632183908,0.007178305861617937,nn_evd,3.4847145220015676,0.16768741201683526,0.20808717607685073,0.010342928548269374
0.9253983352206909,0.006484818362944649,0.05,0.0,0.9327143679144687,0.01106708945577386,0.0026736768397410474,0.0006453404607067042,0.9542988505747128,0.002047913328857049,nn_mc_dropout,1.3635369220401259,0.005299458770551068,0.20189966224622619,0.006590071775150971
0.8773418500835077,0.0066320522715234845,0.05,0.0,0.1722120615712571,0.01053892091132975,0.04859717164890028,0.0035963756030585447,0.27420689655172414,0.01913129911669504,nn_deep_ensemble,33.7634177205977,6.306892421924425,0.012358031064152928,0.034896115968791074
