MSE_mean,MSE_std,alpha_mean,alpha_std,avg_pred_std_mean,avg_pred_std_std,ce_mean,ce_std,empirical_coverage_mean,empirical_coverage_std,method,nll_mean,nll_std,spearman_err_unc_mean,spearman_err_unc_std
0.9262023946304481,0.009751657072150526,0.05,0.0,0.9365284008361648,0.013209225414672525,0.0020745022842480745,0.0008941565740472252,0.9521839080459771,0.003835706411883058,nn_mc_dropout,1.3658338969823935,0.007569845065466215,0.1766710774116354,0.02236438619756952
0.8794350846087176,0.006096029360784713,0.05,0.0,0.15777141068407022,0.006261803675855899,0.05076354334508486,0.002514248423917625,0.2538850574712644,0.009937418127104108,nn_deep_ensemble,39.09693340269508,5.732993779236804,0.015374375924038569,0.02111061563314611
